"Year","State","NMFS Name","Pounds","Metric Tons","Dollars","Confidentiality","Collection","Scientific Name","Tsn","Source"
"2020","CALIFORNIA","SABLEFISH","2,818,607","1,279","4,511,105","Public","Commercial","Anoplopoma fimbria","167123","PACFIN"
"2020","CALIFORNIA","SOLE, DOVER","3,566,193","1,618","1,355,686","Public","Commercial","Microstomus pacificus","172887","PACFIN"
"2020","CALIFORNIA","THORNYHEAD, LONGSPINE","205,030","93","68,681","Public","Commercial","Sebastolobus altivelis","166784","PACFIN"
"2020","CALIFORNIA","THORNYHEAD, SHORTSPINE","359,133","163","1,352,133","Public","Commercial","Sebastolobus alascanus","166783","PACFIN"
"2020","OREGON","SABLEFISH","4,158,795","1,886","4,710,522","Public","Commercial","Anoplopoma fimbria","167123","PACFIN"
"2020","OREGON","SOLE, DOVER","6,686,612","3,033","2,515,651","Public","Commercial","Microstomus pacificus","172887","PACFIN"
"2020","OREGON","THORNYHEAD, LONGSPINE","36,376","17","8,370","Public","Commercial","Sebastolobus altivelis","166784","PACFIN"
"2020","OREGON","THORNYHEAD, SHORTSPINE","542,777","246","180,467","Public","Commercial","Sebastolobus alascanus","166783","PACFIN"
"2020","WASHINGTON","SABLEFISH","1,710,565","776","2,303,925","Public","Commercial","Anoplopoma fimbria","167123","PACFIN"
"2020","WASHINGTON","SOLE, DOVER","90,610","41","38,314","Public","Commercial","Microstomus pacificus","172887","PACFIN"
"2020","WASHINGTON","THORNYHEAD, LONGSPINE","661","0","1","Public","Commercial","Sebastolobus altivelis","166784","PACFIN"
"2020","WASHINGTON","THORNYHEAD, SHORTSPINE","27,558","13","15,322","Public","Commercial","Sebastolobus alascanus","166783","PACFIN"
"2020","WASHINGTON","THORNYHEAD, SHORTSPINE","","","","Confidential","Commercial","Sebastolobus alascanus","166783","PACFIN"
"2019","CALIFORNIA","SABLEFISH","3,183,030","1,444","6,341,872","Public","Commercial","Anoplopoma fimbria","167123","PACFIN"
"2019","CALIFORNIA","SOLE, DOVER","3,074,343","1,395","1,425,891","Public","Commercial","Microstomus pacificus","172887","PACFIN"
"2019","CALIFORNIA","THORNYHEAD, LONGSPINE","371,699","169","201,512","Public","Commercial","Sebastolobus altivelis","166784","PACFIN"
"2019","CALIFORNIA","THORNYHEAD, SHORTSPINE","533,739","242","2,133,294","Public","Commercial","Sebastolobus alascanus","166783","PACFIN"
"2019","OREGON","SABLEFISH","5,837,393","2,648","9,421,741","Public","Commercial","Anoplopoma fimbria","167123","PACFIN"
"2019","OREGON","SOLE, DOVER","8,965,969","4,067","3,662,569","Public","Commercial","Microstomus pacificus","172887","PACFIN"
"2019","OREGON","THORNYHEAD, LONGSPINE","190,259","86","50,758","Public","Commercial","Sebastolobus altivelis","166784","PACFIN"
"2019","OREGON","THORNYHEAD, SHORTSPINE","865,975","393","388,623","Public","Commercial","Sebastolobus alascanus","166783","PACFIN"
"2019","WASHINGTON","SABLEFISH","2,680,597","1,216","4,921,741","Public","Commercial","Anoplopoma fimbria","167123","PACFIN"
"2019","WASHINGTON","SOLE, DOVER","666,898","303","279,081","Public","Commercial","Microstomus pacificus","172887","PACFIN"
"2019","WASHINGTON","THORNYHEAD, LONGSPINE","5,952","3","3,948","Public","Commercial","Sebastolobus altivelis","166784","PACFIN"
"2019","WASHINGTON","THORNYHEAD, SHORTSPINE","86,862","39","60,469","Public","Commercial","Sebastolobus alascanus","166783","PACFIN"
"2019","WASHINGTON","THORNYHEAD, SHORTSPINE","","","","Confidential","Commercial","Sebastolobus alascanus","166783","PACFIN"
"2018","CALIFORNIA","SABLEFISH","3,271,436","1,484","6,714,974","Public","Commercial","Anoplopoma fimbria","167123","PACFIN"
"2018","CALIFORNIA","SOLE, DOVER","3,616,238","1,640","1,701,099","Public","Commercial","Microstomus pacificus","172887","PACFIN"
"2018","CALIFORNIA","THORNYHEAD, LONGSPINE","398,375","181","226,815","Public","Commercial","Sebastolobus altivelis","166784","PACFIN"
"2018","CALIFORNIA","THORNYHEAD, SHORTSPINE","565,044","256","2,576,182","Public","Commercial","Sebastolobus alascanus","166783","PACFIN"
"2018","OREGON","SABLEFISH","5,678,219","2,576","11,915,741","Public","Commercial","Anoplopoma fimbria","167123","PACFIN"
"2018","OREGON","SOLE, DOVER","9,639,040","4,372","4,097,516","Public","Commercial","Microstomus pacificus","172887","PACFIN"
"2018","OREGON","THORNYHEAD, LONGSPINE","303,356","138","93,730","Public","Commercial","Sebastolobus altivelis","166784","PACFIN"
"2018","OREGON","THORNYHEAD, SHORTSPINE","1,098,783","498","567,722","Public","Commercial","Sebastolobus alascanus","166783","PACFIN"
"2018","WASHINGTON","SABLEFISH","2,638,048","1,197","6,532,797","Public","Commercial","Anoplopoma fimbria","167123","PACFIN"
"2018","WASHINGTON","SOLE, DOVER","903,674","410","400,407","Public","Commercial","Microstomus pacificus","172887","PACFIN"
"2018","WASHINGTON","THORNYHEAD, LONGSPINE","11,464","5","4,377","Public","Commercial","Sebastolobus altivelis","166784","PACFIN"
"2018","WASHINGTON","THORNYHEAD, SHORTSPINE","132,057","60","85,782","Public","Commercial","Sebastolobus alascanus","166783","PACFIN"
"2017","CALIFORNIA","SABLEFISH","3,930,397","1,783","9,303,315","Public","Commercial","Anoplopoma fimbria","167123","PACFIN"
"2017","CALIFORNIA","SOLE, DOVER","4,843,109","2,197","2,146,972","Public","Commercial","Microstomus pacificus","172887","PACFIN"
"2017","CALIFORNIA","THORNYHEAD, LONGSPINE","1,615,986","733","1,031,992","Public","Commercial","Sebastolobus altivelis","166784","PACFIN"
"2017","CALIFORNIA","THORNYHEAD, SHORTSPINE","1,082,689","491","3,689,427","Public","Commercial","Sebastolobus alascanus","166783","PACFIN"
"2017","OREGON","SABLEFISH","5,555,863","2,520","15,546,970","Public","Commercial","Anoplopoma fimbria","167123","PACFIN"
"2017","OREGON","SOLE, DOVER","11,470,197","5,203","4,826,162","Public","Commercial","Microstomus pacificus","172887","PACFIN"
"2017","OREGON","THORNYHEAD, LONGSPINE","913,154","414","333,098","Public","Commercial","Sebastolobus altivelis","166784","PACFIN"
"2017","OREGON","THORNYHEAD, SHORTSPINE","1,258,618","571","780,466","Public","Commercial","Sebastolobus alascanus","166783","PACFIN"
"2017","WASHINGTON","SABLEFISH","2,727,997","1,237","9,160,913","Public","Commercial","Anoplopoma fimbria","167123","PACFIN"
"2017","WASHINGTON","SOLE, DOVER","1,098,121","498","485,762","Public","Commercial","Microstomus pacificus","172887","PACFIN"
"2017","WASHINGTON","THORNYHEAD, LONGSPINE","7,716","4","2,794","Public","Commercial","Sebastolobus altivelis","166784","PACFIN"
"2017","WASHINGTON","THORNYHEAD, SHORTSPINE","165,126","75","142,241","Public","Commercial","Sebastolobus alascanus","166783","PACFIN"
"2017","WASHINGTON","THORNYHEAD, SHORTSPINE","","","","Confidential","Commercial","Sebastolobus alascanus","166783","PACFIN"
"2016","CALIFORNIA","SABLEFISH","3,853,455","1,748","8,791,383","Public","Commercial","Anoplopoma fimbria","167123","PACFIN"
"2016","CALIFORNIA","SOLE, DOVER","3,986,614","1,808","1,780,977","Public","Commercial","Microstomus pacificus","172887","PACFIN"
"2016","CALIFORNIA","THORNYHEAD, LONGSPINE","871,266","395","500,481","Public","Commercial","Sebastolobus altivelis","166784","PACFIN"
"2016","CALIFORNIA","THORNYHEAD, SHORTSPINE","723,115","328","2,482,459","Public","Commercial","Sebastolobus alascanus","166783","PACFIN"
"2016","OREGON","SABLEFISH","5,526,321","2,507","15,061,807","Public","Commercial","Anoplopoma fimbria","167123","PACFIN"
"2016","OREGON","SOLE, DOVER","11,384,437","5,164","4,893,372","Public","Commercial","Microstomus pacificus","172887","PACFIN"
"2016","OREGON","THORNYHEAD, LONGSPINE","536,384","243","200,084","Public","Commercial","Sebastolobus altivelis","166784","PACFIN"
"2016","OREGON","THORNYHEAD, SHORTSPINE","1,214,746","551","744,560","Public","Commercial","Sebastolobus alascanus","166783","PACFIN"
"2016","WASHINGTON","SABLEFISH","2,543,691","1,154","7,778,714","Public","Commercial","Anoplopoma fimbria","167123","PACFIN"
"2016","WASHINGTON","SOLE, DOVER","765,444","347","332,327","Public","Commercial","Microstomus pacificus","172887","PACFIN"
"2016","WASHINGTON","THORNYHEAD, LONGSPINE","1,323","1","1,079","Public","Commercial","Sebastolobus altivelis","166784","PACFIN"
"2016","WASHINGTON","THORNYHEAD, SHORTSPINE","116,404","53","87,076","Public","Commercial","Sebastolobus alascanus","166783","PACFIN"
"2016","WASHINGTON","THORNYHEAD, SHORTSPINE","","","","Confidential","Commercial","Sebastolobus alascanus","166783","PACFIN"
"2015","CALIFORNIA","SABLEFISH","4,067,965","1,845","8,909,086","Public","Commercial","Anoplopoma fimbria","167123","PACFIN"
"2015","CALIFORNIA","SOLE, DOVER","4,172,464","1,893","1,869,904","Public","Commercial","Microstomus pacificus","172887","PACFIN"
"2015","CALIFORNIA","THORNYHEAD, LONGSPINE","1,080,043","490","549,740","Public","Commercial","Sebastolobus altivelis","166784","PACFIN"
"2015","CALIFORNIA","THORNYHEAD, SHORTSPINE","784,624","356","2,081,343","Public","Commercial","Sebastolobus alascanus","166783","PACFIN"
"2015","OREGON","SABLEFISH","5,001,180","2,269","12,767,141","Public","Commercial","Anoplopoma fimbria","167123","PACFIN"
"2015","OREGON","SOLE, DOVER","9,202,304","4,174","4,108,105","Public","Commercial","Microstomus pacificus","172887","PACFIN"
"2015","OREGON","THORNYHEAD, LONGSPINE","452,608","205","161,151","Public","Commercial","Sebastolobus altivelis","166784","PACFIN"
"2015","OREGON","THORNYHEAD, SHORTSPINE","1,036,171","470","627,942","Public","Commercial","Sebastolobus alascanus","166783","PACFIN"
"2015","WASHINGTON","SABLEFISH","2,326,095","1,055","7,003,406","Public","Commercial","Anoplopoma fimbria","167123","PACFIN"
"2015","WASHINGTON","SOLE, DOVER","573,201","260","251,131","Public","Commercial","Microstomus pacificus","172887","PACFIN"
"2015","WASHINGTON","THORNYHEAD, LONGSPINE","5,291","2","2,442","Public","Commercial","Sebastolobus altivelis","166784","PACFIN"
"2015","WASHINGTON","THORNYHEAD, SHORTSPINE","115,522","52","85,992","Public","Commercial","Sebastolobus alascanus","166783","PACFIN"
"2015","WASHINGTON","THORNYHEAD, SHORTSPINE","","","","Confidential","Commercial","Sebastolobus alascanus","166783","PACFIN"
"2014","CALIFORNIA","SABLEFISH","4,131,678","1,874","9,424,662","Public","Commercial","Anoplopoma fimbria","167123","PACFIN"
"2014","CALIFORNIA","SOLE, DOVER","4,310,032","1,955","1,916,662","Public","Commercial","Microstomus pacificus","172887","PACFIN"
"2014","CALIFORNIA","THORNYHEAD, LONGSPINE","1,343,275","609","693,538","Public","Commercial","Sebastolobus altivelis","166784","PACFIN"
"2014","CALIFORNIA","THORNYHEAD, SHORTSPINE","841,283","382","2,186,647","Public","Commercial","Sebastolobus alascanus","166783","PACFIN"
"2014","OREGON","SABLEFISH","3,297,230","1,496","8,075,655","Public","Commercial","Anoplopoma fimbria","167123","PACFIN"
"2014","OREGON","SOLE, DOVER","9,351,557","4,242","4,219,555","Public","Commercial","Microstomus pacificus","172887","PACFIN"
"2014","OREGON","THORNYHEAD, LONGSPINE","504,638","229","180,014","Public","Commercial","Sebastolobus altivelis","166784","PACFIN"
"2014","OREGON","THORNYHEAD, SHORTSPINE","848,558","385","545,931","Public","Commercial","Sebastolobus alascanus","166783","PACFIN"
"2014","WASHINGTON","SABLEFISH","2,328,299","1,056","6,988,270","Public","Commercial","Anoplopoma fimbria","167123","PACFIN"
"2014","WASHINGTON","SOLE, DOVER","556,446","252","240,863","Public","Commercial","Microstomus pacificus","172887","PACFIN"
"2014","WASHINGTON","THORNYHEAD, LONGSPINE","65,257","30","33,912","Public","Commercial","Sebastolobus altivelis","166784","PACFIN"
"2014","WASHINGTON","THORNYHEAD, SHORTSPINE","150,355","68","126,963","Public","Commercial","Sebastolobus alascanus","166783","PACFIN"
"2014","WASHINGTON","THORNYHEAD, SHORTSPINE","","","","Confidential","Commercial","Sebastolobus alascanus","166783","PACFIN"
"2013","CALIFORNIA","SABLEFISH","3,311,339","1,502","7,063,899","Public","Commercial","Anoplopoma fimbria","167123","PACFIN"
"2013","CALIFORNIA","SOLE, DOVER","4,889,406","2,218","2,139,010","Public","Commercial","Microstomus pacificus","172887","PACFIN"
"2013","CALIFORNIA","THORNYHEAD, LONGSPINE","1,378,108","625","686,164","Public","Commercial","Sebastolobus altivelis","166784","PACFIN"
"2013","CALIFORNIA","THORNYHEAD, SHORTSPINE","974,222","442","2,382,875","Public","Commercial","Sebastolobus alascanus","166783","PACFIN"
"2013","OREGON","SABLEFISH","3,844,416","1,744","7,594,899","Public","Commercial","Anoplopoma fimbria","167123","PACFIN"
"2013","OREGON","SOLE, DOVER","11,345,636","5,146","5,085,450","Public","Commercial","Microstomus pacificus","172887","PACFIN"
"2013","OREGON","THORNYHEAD, LONGSPINE","791,238","359","297,057","Public","Commercial","Sebastolobus altivelis","166784","PACFIN"
"2013","OREGON","THORNYHEAD, SHORTSPINE","1,074,311","487","671,941","Public","Commercial","Sebastolobus alascanus","166783","PACFIN"
"2013","WASHINGTON","SABLEFISH","1,970,489","894","4,764,259","Public","Commercial","Anoplopoma fimbria","167123","PACFIN"
"2013","WASHINGTON","SOLE, DOVER","1,336,220","606","548,543","Public","Commercial","Microstomus pacificus","172887","PACFIN"
"2013","WASHINGTON","THORNYHEAD, LONGSPINE","110,231","50","45,826","Public","Commercial","Sebastolobus altivelis","166784","PACFIN"
"2013","WASHINGTON","THORNYHEAD, SHORTSPINE","176,370","80","106,341","Public","Commercial","Sebastolobus alascanus","166783","PACFIN"
"2013","WASHINGTON","THORNYHEAD, SHORTSPINE","","","","Confidential","Commercial","Sebastolobus alascanus","166783","PACFIN"
"2012","CALIFORNIA","SABLEFISH","3,927,751","1,782","8,990,074","Public","Commercial","Anoplopoma fimbria","167123","PACFIN"
"2012","CALIFORNIA","SOLE, DOVER","4,763,302","2,161","1,942,061","Public","Commercial","Microstomus pacificus","172887","PACFIN"
"2012","CALIFORNIA","THORNYHEAD, LONGSPINE","1,078,059","489","540,159","Public","Commercial","Sebastolobus altivelis","166784","PACFIN"
"2012","CALIFORNIA","THORNYHEAD, SHORTSPINE","923,956","419","2,065,889","Public","Commercial","Sebastolobus alascanus","166783","PACFIN"
"2012","OREGON","SABLEFISH","4,745,224","2,152","11,530,253","Public","Commercial","Anoplopoma fimbria","167123","PACFIN"
"2012","OREGON","SOLE, DOVER","9,810,339","4,450","4,134,265","Public","Commercial","Microstomus pacificus","172887","PACFIN"
"2012","OREGON","THORNYHEAD, LONGSPINE","733,698","333","303,319","Public","Commercial","Sebastolobus altivelis","166784","PACFIN"
"2012","OREGON","THORNYHEAD, SHORTSPINE","828,937","376","538,996","Public","Commercial","Sebastolobus alascanus","166783","PACFIN"
"2012","WASHINGTON","SABLEFISH","3,013,716","1,367","7,813,344","Public","Commercial","Anoplopoma fimbria","167123","PACFIN"
"2012","WASHINGTON","SOLE, DOVER","1,581,815","718","675,395","Public","Commercial","Microstomus pacificus","172887","PACFIN"
"2012","WASHINGTON","THORNYHEAD, LONGSPINE","110,231","50","51,266","Public","Commercial","Sebastolobus altivelis","166784","PACFIN"
"2012","WASHINGTON","THORNYHEAD, SHORTSPINE","257,059","117","156,897","Public","Commercial","Sebastolobus alascanus","166783","PACFIN"
"2011","CALIFORNIA","SABLEFISH","5,657,055","2,566","15,121,851","Public","Commercial","Anoplopoma fimbria","167123","PACFIN"
"2011","CALIFORNIA","SOLE, DOVER","5,293,513","2,401","2,246,053","Public","Commercial","Microstomus pacificus","172887","PACFIN"
"2011","CALIFORNIA","THORNYHEAD, LONGSPINE","969,592","440","464,765","Public","Commercial","Sebastolobus altivelis","166784","PACFIN"
"2011","CALIFORNIA","THORNYHEAD, SHORTSPINE","1,034,628","469","2,555,827","Public","Commercial","Sebastolobus alascanus","166783","PACFIN"
"2011","OREGON","SABLEFISH","5,080,547","2,305","17,351,301","Public","Commercial","Anoplopoma fimbria","167123","PACFIN"
"2011","OREGON","SOLE, DOVER","10,451,222","4,741","4,271,299","Public","Commercial","Microstomus pacificus","172887","PACFIN"
"2011","OREGON","THORNYHEAD, LONGSPINE","738,548","335","275,364","Public","Commercial","Sebastolobus altivelis","166784","PACFIN"
"2011","OREGON","THORNYHEAD, SHORTSPINE","859,361","390","501,722","Public","Commercial","Sebastolobus alascanus","166783","PACFIN"
"2011","WASHINGTON","SABLEFISH","3,423,113","1,553","12,378,024","Public","Commercial","Anoplopoma fimbria","167123","PACFIN"
"2011","WASHINGTON","SOLE, DOVER","1,412,720","641","500,300","Public","Commercial","Microstomus pacificus","172887","PACFIN"
"2011","WASHINGTON","THORNYHEAD, LONGSPINE","285,719","130","131,314","Public","Commercial","Sebastolobus altivelis","166784","PACFIN"
"2011","WASHINGTON","THORNYHEAD, SHORTSPINE","259,925","118","142,477","Public","Commercial","Sebastolobus alascanus","166783","PACFIN"
"2010","CALIFORNIA","SABLEFISH","5,507,582","2,498","11,491,020","Public","Commercial","Anoplopoma fimbria","167123","PACFIN"
"2010","CALIFORNIA","SOLE, DOVER","5,776,986","2,620","1,792,134","Public","Commercial","Microstomus pacificus","172887","PACFIN"
"2010","CALIFORNIA","THORNYHEAD, LONGSPINE","1,161,173","527","508,708","Public","Commercial","Sebastolobus altivelis","166784","PACFIN"
"2010","CALIFORNIA","THORNYHEAD, SHORTSPINE","1,078,941","489","2,384,381","Public","Commercial","Sebastolobus alascanus","166783","PACFIN"
"2010","OREGON","SABLEFISH","6,301,024","2,858","15,068,692","Public","Commercial","Anoplopoma fimbria","167123","PACFIN"
"2010","OREGON","SOLE, DOVER","15,178,809","6,885","4,604,964","Public","Commercial","Microstomus pacificus","172887","PACFIN"
"2010","OREGON","THORNYHEAD, LONGSPINE","1,645,969","747","503,084","Public","Commercial","Sebastolobus altivelis","166784","PACFIN"
"2010","OREGON","THORNYHEAD, SHORTSPINE","1,705,494","774","899,452","Public","Commercial","Sebastolobus alascanus","166783","PACFIN"
"2010","WASHINGTON","SABLEFISH","3,263,058","1,480","9,319,731","Public","Commercial","Anoplopoma fimbria","167123","PACFIN"
"2010","WASHINGTON","SOLE, DOVER","1,957,923","888","564,831","Public","Commercial","Microstomus pacificus","172887","PACFIN"
"2010","WASHINGTON","THORNYHEAD, LONGSPINE","65,698","30","28,196","Public","Commercial","Sebastolobus altivelis","166784","PACFIN"
"2010","WASHINGTON","THORNYHEAD, SHORTSPINE","186,070","84","103,887","Public","Commercial","Sebastolobus alascanus","166783","PACFIN"
"2010","WASHINGTON","THORNYHEAD, SHORTSPINE","","","","Confidential","Commercial","Sebastolobus alascanus","166783","PACFIN"
"2009","CALIFORNIA","SABLEFISH","5,095,538","2,311","9,765,180","Public","Commercial","Anoplopoma fimbria","167123","PACFIN"
"2009","CALIFORNIA","SOLE, DOVER","6,968,804","3,161","2,561,681","Public","Commercial","Microstomus pacificus","172887","PACFIN"
"2009","CALIFORNIA","THORNYHEAD, LONGSPINE","1,190,715","540","509,723","Public","Commercial","Sebastolobus altivelis","166784","PACFIN"
"2009","CALIFORNIA","THORNYHEAD, SHORTSPINE","1,058,879","480","2,081,681","Public","Commercial","Sebastolobus alascanus","166783","PACFIN"
"2009","OREGON","SABLEFISH","7,279,214","3,302","15,894,467","Public","Commercial","Anoplopoma fimbria","167123","PACFIN"
"2009","OREGON","SOLE, DOVER","16,438,969","7,457","5,292,248","Public","Commercial","Microstomus pacificus","172887","PACFIN"
"2009","OREGON","THORNYHEAD, LONGSPINE","1,199,975","544","331,014","Public","Commercial","Sebastolobus altivelis","166784","PACFIN"
"2009","OREGON","THORNYHEAD, SHORTSPINE","2,055,808","933","1,084,724","Public","Commercial","Sebastolobus alascanus","166783","PACFIN"
"2009","WASHINGTON","SABLEFISH","3,506,889","1,591","8,711,747","Public","Commercial","Anoplopoma fimbria","167123","PACFIN"
"2009","WASHINGTON","SOLE, DOVER","2,488,575","1,129","781,875","Public","Commercial","Microstomus pacificus","172887","PACFIN"
"2009","WASHINGTON","THORNYHEAD, LONGSPINE","86,642","39","23,974","Public","Commercial","Sebastolobus altivelis","166784","PACFIN"
"2009","WASHINGTON","THORNYHEAD, SHORTSPINE","262,129","119","142,303","Public","Commercial","Sebastolobus alascanus","166783","PACFIN"
"2008","CALIFORNIA","SABLEFISH","3,514,385","1,594","6,227,860","Public","Commercial","Anoplopoma fimbria","167123","PACFIN"
"2008","CALIFORNIA","SOLE, DOVER","6,623,119","3,004","2,562,582","Public","Commercial","Microstomus pacificus","172887","PACFIN"
"2008","CALIFORNIA","THORNYHEAD, LONGSPINE","1,495,835","679","746,940","Public","Commercial","Sebastolobus altivelis","166784","PACFIN"
"2008","CALIFORNIA","THORNYHEAD, SHORTSPINE","963,639","437","2,110,619","Public","Commercial","Sebastolobus alascanus","166783","PACFIN"
"2008","OREGON","SABLEFISH","6,521,707","2,958","13,736,577","Public","Commercial","Anoplopoma fimbria","167123","PACFIN"
"2008","OREGON","SOLE, DOVER","16,016,785","7,265","5,874,919","Public","Commercial","Microstomus pacificus","172887","PACFIN"
"2008","OREGON","THORNYHEAD, LONGSPINE","1,218,493","553","500,253","Public","Commercial","Sebastolobus altivelis","166784","PACFIN"
"2008","OREGON","THORNYHEAD, SHORTSPINE","1,983,717","900","1,276,783","Public","Commercial","Sebastolobus alascanus","166783","PACFIN"
"2008","WASHINGTON","SABLEFISH","2,911,201","1,321","7,159,589","Public","Commercial","Anoplopoma fimbria","167123","PACFIN"
"2008","WASHINGTON","SOLE, DOVER","2,118,640","961","781,865","Public","Commercial","Microstomus pacificus","172887","PACFIN"
"2008","WASHINGTON","THORNYHEAD, LONGSPINE","9,039","4","4,428","Public","Commercial","Sebastolobus altivelis","166784","PACFIN"
"2008","WASHINGTON","THORNYHEAD, SHORTSPINE","205,030","93","137,318","Public","Commercial","Sebastolobus alascanus","166783","PACFIN"
"2008","WASHINGTON","THORNYHEAD, SHORTSPINE","","","","Confidential","Commercial","Sebastolobus alascanus","166783","PACFIN"
"2007","CALIFORNIA","SABLEFISH","3,244,980","1,472","4,879,597","Public","Commercial","Anoplopoma fimbria","167123","PACFIN"
"2007","CALIFORNIA","SOLE, DOVER","6,087,617","2,761","2,373,454","Public","Commercial","Microstomus pacificus","172887","PACFIN"
"2007","CALIFORNIA","THORNYHEAD, LONGSPINE","1,022,723","464","537,914","Public","Commercial","Sebastolobus altivelis","166784","PACFIN"
"2007","CALIFORNIA","THORNYHEAD, SHORTSPINE","804,686","365","1,684,248","Public","Commercial","Sebastolobus alascanus","166783","PACFIN"
"2007","OREGON","SABLEFISH","5,355,683","2,429","9,494,191","Public","Commercial","Anoplopoma fimbria","167123","PACFIN"
"2007","OREGON","SOLE, DOVER","12,246,444","5,555","4,513,247","Public","Commercial","Microstomus pacificus","172887","PACFIN"
"2007","OREGON","THORNYHEAD, LONGSPINE","665,575","302","300,810","Public","Commercial","Sebastolobus altivelis","166784","PACFIN"
"2007","OREGON","THORNYHEAD, SHORTSPINE","1,244,949","565","767,232","Public","Commercial","Sebastolobus alascanus","166783","PACFIN"
"2007","WASHINGTON","SABLEFISH","2,973,812","1,349","6,442,111","Public","Commercial","Anoplopoma fimbria","167123","PACFIN"
"2007","WASHINGTON","SOLE, DOVER","2,136,718","969","767,504","Public","Commercial","Microstomus pacificus","172887","PACFIN"
"2007","WASHINGTON","THORNYHEAD, LONGSPINE","18,739","9","8,992","Public","Commercial","Sebastolobus altivelis","166784","PACFIN"
"2007","WASHINGTON","THORNYHEAD, SHORTSPINE","171,740","78","121,621","Public","Commercial","Sebastolobus alascanus","166783","PACFIN"
"2006","CALIFORNIA","SABLEFISH","3,621,529","1,643","4,899,284","Public","Commercial","Anoplopoma fimbria","167123","PACFIN"
"2006","CALIFORNIA","SOLE, DOVER","3,843,094","1,743","1,417,036","Public","Commercial","Microstomus pacificus","172887","PACFIN"
"2006","CALIFORNIA","THORNYHEAD, LONGSPINE","1,160,292","526","657,337","Public","Commercial","Sebastolobus altivelis","166784","PACFIN"
"2006","CALIFORNIA","THORNYHEAD, SHORTSPINE","780,876","354","1,624,464","Public","Commercial","Sebastolobus alascanus","166783","PACFIN"
"2006","OREGON","SABLEFISH","5,841,141","2,650","9,786,743","Public","Commercial","Anoplopoma fimbria","167123","PACFIN"
"2006","OREGON","SOLE, DOVER","7,772,608","3,526","2,878,442","Public","Commercial","Microstomus pacificus","172887","PACFIN"
"2006","OREGON","THORNYHEAD, LONGSPINE","437,617","199","268,128","Public","Commercial","Sebastolobus altivelis","166784","PACFIN"
"2006","OREGON","THORNYHEAD, SHORTSPINE","664,913","302","506,972","Public","Commercial","Sebastolobus alascanus","166783","PACFIN"
"2006","WASHINGTON","SABLEFISH","4,205,313","1,908","8,132,648","Public","Commercial","Anoplopoma fimbria","167123","PACFIN"
"2006","WASHINGTON","SOLE, DOVER","1,550,068","703","566,756","Public","Commercial","Microstomus pacificus","172887","PACFIN"
"2006","WASHINGTON","THORNYHEAD, LONGSPINE","","","","Confidential","Commercial","Sebastolobus altivelis","166784","PACFIN"
"2006","WASHINGTON","THORNYHEAD, SHORTSPINE","105,601","48","74,075","Public","Commercial","Sebastolobus alascanus","166783","PACFIN"
"2006","WASHINGTON","THORNYHEAD, SHORTSPINE","","","","Confidential","Commercial","Sebastolobus alascanus","166783","PACFIN"
"2005","CALIFORNIA","SABLEFISH","3,648,867","1,655","4,298,389","Public","Commercial","Anoplopoma fimbria","167123","PACFIN"
"2005","CALIFORNIA","SOLE, DOVER","4,864,053","2,206","1,793,029","Public","Commercial","Microstomus pacificus","172887","PACFIN"
"2005","CALIFORNIA","THORNYHEAD, LONGSPINE","1,101,869","500","512,497","Public","Commercial","Sebastolobus altivelis","166784","PACFIN"
"2005","CALIFORNIA","THORNYHEAD, SHORTSPINE","778,451","353","1,470,771","Public","Commercial","Sebastolobus alascanus","166783","PACFIN"
"2005","OREGON","SABLEFISH","5,833,645","2,646","8,651,092","Public","Commercial","Anoplopoma fimbria","167123","PACFIN"
"2005","OREGON","SOLE, DOVER","8,758,294","3,973","3,189,908","Public","Commercial","Microstomus pacificus","172887","PACFIN"
"2005","OREGON","THORNYHEAD, LONGSPINE","285,719","130","153,766","Public","Commercial","Sebastolobus altivelis","166784","PACFIN"
"2005","OREGON","THORNYHEAD, SHORTSPINE","595,247","270","412,758","Public","Commercial","Sebastolobus alascanus","166783","PACFIN"
"2005","WASHINGTON","SABLEFISH","4,207,297","1,908","7,293,715","Public","Commercial","Anoplopoma fimbria","167123","PACFIN"
"2005","WASHINGTON","SOLE, DOVER","1,596,365","724","568,874","Public","Commercial","Microstomus pacificus","172887","PACFIN"
"2005","WASHINGTON","THORNYHEAD, LONGSPINE","882","0","475","Public","Commercial","Sebastolobus altivelis","166784","PACFIN"
"2005","WASHINGTON","THORNYHEAD, SHORTSPINE","73,414","33","45,271","Public","Commercial","Sebastolobus alascanus","166783","PACFIN"
"2005","WASHINGTON","THORNYHEAD, SHORTSPINE","","","","Confidential","Commercial","Sebastolobus alascanus","166783","PACFIN"
"2004","CALIFORNIA","SABLEFISH","3,164,512","1,435","3,726,493","Public","Commercial","Anoplopoma fimbria","167123","PACFIN"
"2004","CALIFORNIA","SOLE, DOVER","5,267,058","2,389","1,945,305","Public","Commercial","Microstomus pacificus","172887","PACFIN"
"2004","CALIFORNIA","THORNYHEAD, LONGSPINE","957,246","434","451,474","Public","Commercial","Sebastolobus altivelis","166784","PACFIN"
"2004","CALIFORNIA","THORNYHEAD, SHORTSPINE","916,240","416","1,435,112","Public","Commercial","Sebastolobus alascanus","166783","PACFIN"
"2004","OREGON","SABLEFISH","5,627,293","2,553","6,933,647","Public","Commercial","Anoplopoma fimbria","167123","PACFIN"
"2004","OREGON","SOLE, DOVER","8,381,304","3,802","3,032,758","Public","Commercial","Microstomus pacificus","172887","PACFIN"
"2004","OREGON","THORNYHEAD, LONGSPINE","443,570","201","207,502","Public","Commercial","Sebastolobus altivelis","166784","PACFIN"
"2004","OREGON","THORNYHEAD, SHORTSPINE","683,653","310","435,943","Public","Commercial","Sebastolobus alascanus","166783","PACFIN"
"2004","WASHINGTON","SABLEFISH","3,899,752","1,769","6,155,612","Public","Commercial","Anoplopoma fimbria","167123","PACFIN"
"2004","WASHINGTON","SOLE, DOVER","1,226,430","556","422,826","Public","Commercial","Microstomus pacificus","172887","PACFIN"
"2004","WASHINGTON","THORNYHEAD, LONGSPINE","15,432","7","7,464","Public","Commercial","Sebastolobus altivelis","166784","PACFIN"
"2004","WASHINGTON","THORNYHEAD, SHORTSPINE","63,714","29","42,333","Public","Commercial","Sebastolobus alascanus","166783","PACFIN"
"2003","CALIFORNIA","SABLEFISH","3,636,257","1,649","4,721,059","Public","Commercial","Anoplopoma fimbria","167123","PACFINHIST"
"2003","CALIFORNIA","SOLE, DOVER","7,188,067","3,260","2,605,828","Public","Commercial","Microstomus pacificus","172887","PACFINHIST"
"2003","CALIFORNIA","THORNYHEAD, SHORTSPINE","860,874","390","1,301,261","Public","Commercial","Sebastolobus alascanus","166783","PACFINHIST"
"2003","OREGON","SABLEFISH","4,797,601","2,176","7,380,549","Public","Commercial","Anoplopoma fimbria","167123","PACFINHIST"
"2003","OREGON","SOLE, DOVER","8,034,239","3,644","2,985,923","Public","Commercial","Microstomus pacificus","172887","PACFINHIST"
"2003","OREGON","THORNYHEAD, SHORTSPINE","652,484","296","517,546","Public","Commercial","Sebastolobus alascanus","166783","PACFINHIST"
"2003","WASHINGTON","SABLEFISH","3,735,862","1,695","6,674,814","Public","Commercial","Anoplopoma fimbria","167123","PACFINHIST"
"2003","WASHINGTON","SOLE, DOVER","1,016,518","461","355,283","Public","Commercial","Microstomus pacificus","172887","PACFINHIST"
"2003","WASHINGTON","THORNYHEAD, SHORTSPINE","90,164","41","66,576","Public","Commercial","Sebastolobus alascanus","166783","PACFINHIST"
"2002","CALIFORNIA","SABLEFISH","2,892,734","1,312","3,508,384","Public","Commercial","Anoplopoma fimbria","167123","PACFINHIST"
"2002","CALIFORNIA","SOLE, DOVER","6,887,184","3,124","2,503,800","Public","Commercial","Microstomus pacificus","172887","PACFINHIST"
"2002","CALIFORNIA","THORNYHEAD, SHORTSPINE","857,627","389","1,272,952","Public","Commercial","Sebastolobus alascanus","166783","PACFINHIST"
"2002","OREGON","SABLEFISH","3,184,818","1,445","4,404,768","Public","Commercial","Anoplopoma fimbria","167123","PACFINHIST"
"2002","OREGON","SOLE, DOVER","6,001,276","2,722","2,209,744","Public","Commercial","Microstomus pacificus","172887","PACFINHIST"
"2002","OREGON","THORNYHEAD, SHORTSPINE","577,238","262","574,519","Public","Commercial","Sebastolobus alascanus","166783","PACFINHIST"
"2002","WASHINGTON","SABLEFISH","2,558,924","1,161","4,354,015","Public","Commercial","Anoplopoma fimbria","167123","PACFINHIST"
"2002","WASHINGTON","SOLE, DOVER","1,005,867","456","345,067","Public","Commercial","Microstomus pacificus","172887","PACFINHIST"
"2002","WASHINGTON","THORNYHEAD, SHORTSPINE","72,331","33","54,923","Public","Commercial","Sebastolobus alascanus","166783","PACFINHIST"
"2001","CALIFORNIA","SABLEFISH","3,433,833","1,558","4,174,568","Public","Commercial","Anoplopoma fimbria","167123","PACFINHIST"
"2001","CALIFORNIA","SOLE, DOVER","5,380,607","2,441","1,897,510","Public","Commercial","Microstomus pacificus","172887","PACFINHIST"
"2001","CALIFORNIA","THORNYHEAD, SHORTSPINE","452,667","205","651,467","Public","Commercial","Sebastolobus alascanus","166783","PACFINHIST"
"2001","OREGON","SABLEFISH","5,697,244","2,584","7,986,347","Public","Commercial","Anoplopoma fimbria","167123","PACFINHIST"
"2001","OREGON","SOLE, DOVER","8,241,861","3,738","3,050,858","Public","Commercial","Microstomus pacificus","172887","PACFINHIST"
"2001","OREGON","THORNYHEAD, SHORTSPINE","495,351","225","494,521","Public","Commercial","Sebastolobus alascanus","166783","PACFINHIST"
"2001","WASHINGTON","SABLEFISH","3,589,406","1,628","5,983,836","Public","Commercial","Anoplopoma fimbria","167123","PACFINHIST"
"2001","WASHINGTON","SOLE, DOVER","1,557,553","707","544,202","Public","Commercial","Microstomus pacificus","172887","PACFINHIST"
"2001","WASHINGTON","THORNYHEAD, SHORTSPINE","94,588","43","74,107","Public","Commercial","Sebastolobus alascanus","166783","PACFINHIST"
"2000","CALIFORNIA","SABLEFISH","4,175,772","1,894","5,263,183","Public","Commercial","Anoplopoma fimbria","167123","PACFINHIST"
"2000","CALIFORNIA","SOLE, DOVER","7,309,275","3,315","2,488,117","Public","Commercial","Microstomus pacificus","172887","PACFINHIST"
"2000","CALIFORNIA","THORNYHEAD, SHORTSPINE","645,137","293","895,669","Public","Commercial","Sebastolobus alascanus","166783","PACFINHIST"
"2000","OREGON","SABLEFISH","6,255,763","2,838","9,266,238","Public","Commercial","Anoplopoma fimbria","167123","PACFINHIST"
"2000","OREGON","SOLE, DOVER","10,376,493","4,707","3,790,471","Public","Commercial","Microstomus pacificus","172887","PACFINHIST"
"2000","OREGON","THORNYHEAD, SHORTSPINE","627,350","285","639,084","Public","Commercial","Sebastolobus alascanus","166783","PACFINHIST"
"2000","WASHINGTON","SABLEFISH","3,754,827","1,703","6,545,151","Public","Commercial","Anoplopoma fimbria","167123","PACFINHIST"
"2000","WASHINGTON","SOLE, DOVER","1,650,252","749","574,469","Public","Commercial","Microstomus pacificus","172887","PACFINHIST"
"2000","WASHINGTON","THORNYHEAD, SHORTSPINE","101,763","46","85,316","Public","Commercial","Sebastolobus alascanus","166783","PACFINHIST"
"1999","CALIFORNIA","SABLEFISH","4,357,186","1,976","4,310,029","Public","Commercial","Anoplopoma fimbria","167123","PACFINHIST"
"1999","CALIFORNIA","SOLE, DOVER","8,426,826","3,822","2,791,000","Public","Commercial","Microstomus pacificus","172887","PACFINHIST"
"1999","CALIFORNIA","THORNYHEAD, SHORTSPINE","783,021","355","908,580","Public","Commercial","Sebastolobus alascanus","166783","PACFINHIST"
"1999","OREGON","SABLEFISH","6,582,365","2,986","7,764,241","Public","Commercial","Anoplopoma fimbria","167123","PACFINHIST"
"1999","OREGON","SOLE, DOVER","9,529,310","4,322","3,258,287","Public","Commercial","Microstomus pacificus","172887","PACFINHIST"
"1999","OREGON","THORNYHEAD, SHORTSPINE","703,841","319","635,377","Public","Commercial","Sebastolobus alascanus","166783","PACFINHIST"
"1999","WASHINGTON","SABLEFISH","4,078,228","1,850","5,738,100","Public","Commercial","Anoplopoma fimbria","167123","PACFINHIST"
"1999","WASHINGTON","SOLE, DOVER","1,770,784","803","577,163","Public","Commercial","Microstomus pacificus","172887","PACFINHIST"
"1999","WASHINGTON","THORNYHEAD, SHORTSPINE","130,297","59","105,448","Public","Commercial","Sebastolobus alascanus","166783","PACFINHIST"
"1998","CALIFORNIA","SABLEFISH","3,204,437","1,454","3,388,658","Public","Commercial","Anoplopoma fimbria","167123","PACFINHIST"
"1998","CALIFORNIA","SOLE, DOVER","7,901,227","3,584","2,667,469","Public","Commercial","Microstomus pacificus","172887","PACFINHIST"
"1998","CALIFORNIA","THORNYHEAD, SHORTSPINE","1,224,956","556","1,170,216","Public","Commercial","Sebastolobus alascanus","166783","PACFINHIST"
"1998","OREGON","SABLEFISH","3,879,826","1,760","4,647,978","Public","Commercial","Anoplopoma fimbria","167123","PACFINHIST"
"1998","OREGON","SOLE, DOVER","8,108,228","3,678","2,877,287","Public","Commercial","Microstomus pacificus","172887","PACFINHIST"
"1998","OREGON","THORNYHEAD, SHORTSPINE","1,077,858","489","796,748","Public","Commercial","Sebastolobus alascanus","166783","PACFINHIST"
"1998","WASHINGTON","SABLEFISH","2,957,539","1,342","3,931,270","Public","Commercial","Anoplopoma fimbria","167123","PACFINHIST"
"1998","WASHINGTON","SOLE, DOVER","1,440,191","653","486,739","Public","Commercial","Microstomus pacificus","172887","PACFINHIST"
"1998","WASHINGTON","THORNYHEAD, SHORTSPINE","184,620","84","144,834","Public","Commercial","Sebastolobus alascanus","166783","PACFINHIST"
"1997","CALIFORNIA","SABLEFISH","6,543,287","2,968","9,060,254","Public","Commercial","Anoplopoma fimbria","167123","PACFINHIST"
"1997","CALIFORNIA","SOLE, DOVER","11,703,252","5,309","3,349,196","Public","Commercial","Microstomus pacificus","172887","PACFINHIST"
"1997","CALIFORNIA","THORNYHEAD, SHORTSPINE","1,315,415","597","1,267,560","Public","Commercial","Sebastolobus alascanus","166783","PACFINHIST"
"1997","OREGON","SABLEFISH","6,476,093","2,938","10,404,187","Public","Commercial","Anoplopoma fimbria","167123","PACFINHIST"
"1997","OREGON","SOLE, DOVER","8,411,242","3,815","2,642,920","Public","Commercial","Microstomus pacificus","172887","PACFINHIST"
"1997","OREGON","THORNYHEAD, SHORTSPINE","1,111,843","504","934,711","Public","Commercial","Sebastolobus alascanus","166783","PACFINHIST"
"1997","WASHINGTON","SABLEFISH","5,038,663","2,286","9,848,109","Public","Commercial","Anoplopoma fimbria","167123","PACFINHIST"
"1997","WASHINGTON","SOLE, DOVER","2,002,089","908","578,595","Public","Commercial","Microstomus pacificus","172887","PACFINHIST"
"1997","WASHINGTON","THORNYHEAD, SHORTSPINE","271,570","123","233,299","Public","Commercial","Sebastolobus alascanus","166783","PACFINHIST"
"1996","CALIFORNIA","SABLEFISH","7,045,500","3,196","8,688,979","Public","Commercial","Anoplopoma fimbria","167123","PACFINHIST"
"1996","CALIFORNIA","SOLE, DOVER","14,119,645","6,405","4,237,743","Public","Commercial","Microstomus pacificus","172887","PACFINHIST"
"1996","CALIFORNIA","THORNYHEAD, SHORTSPINE","1,543,069","700","1,522,377","Public","Commercial","Sebastolobus alascanus","166783","PACFINHIST"
"1996","OREGON","SABLEFISH","7,052,331","3,199","10,167,221","Public","Commercial","Anoplopoma fimbria","167123","PACFINHIST"
"1996","OREGON","SOLE, DOVER","9,905,616","4,493","3,273,423","Public","Commercial","Microstomus pacificus","172887","PACFINHIST"
"1996","OREGON","THORNYHEAD, SHORTSPINE","1,332,771","605","1,356,955","Public","Commercial","Sebastolobus alascanus","166783","PACFINHIST"
"1996","WASHINGTON","SABLEFISH","4,895,787","2,221","8,368,194","Public","Commercial","Anoplopoma fimbria","167123","PACFINHIST"
"1996","WASHINGTON","SOLE, DOVER","2,517,618","1,142","815,401","Public","Commercial","Microstomus pacificus","172887","PACFINHIST"
"1996","WASHINGTON","THORNYHEAD, SHORTSPINE","271,152","123","250,650","Public","Commercial","Sebastolobus alascanus","166783","PACFINHIST"
"1995","CALIFORNIA","SABLEFISH","6,214,709","2,819","7,302,472","Public","Commercial","Anoplopoma fimbria","167123","PACFINHIST"
"1995","CALIFORNIA","SOLE, DOVER","13,443,932","6,098","4,295,958","Public","Commercial","Microstomus pacificus","172887","PACFINHIST"
"1995","CALIFORNIA","THORNYHEAD, SHORTSPINE","1,652,890","750","1,888,828","Public","Commercial","Sebastolobus alascanus","166783","PACFINHIST"
"1995","OREGON","SABLEFISH","6,955,830","3,155","9,269,915","Public","Commercial","Anoplopoma fimbria","167123","PACFINHIST"
"1995","OREGON","SOLE, DOVER","7,418,682","3,365","2,599,086","Public","Commercial","Microstomus pacificus","172887","PACFINHIST"
"1995","OREGON","THORNYHEAD, SHORTSPINE","1,551,719","704","1,736,935","Public","Commercial","Sebastolobus alascanus","166783","PACFINHIST"
"1995","WASHINGTON","SABLEFISH","5,132,155","2,328","8,738,457","Public","Commercial","Anoplopoma fimbria","167123","PACFINHIST"
"1995","WASHINGTON","SOLE, DOVER","2,009,593","912","699,746","Public","Commercial","Microstomus pacificus","172887","PACFINHIST"
"1995","WASHINGTON","THORNYHEAD, SHORTSPINE","337,140","153","340,639","Public","Commercial","Sebastolobus alascanus","166783","PACFINHIST"
"1994","CALIFORNIA","SABLEFISH","4,818,728","2,186","3,352,558","Public","Commercial","Anoplopoma fimbria","167123","PACFINHIST"
"1994","CALIFORNIA","SOLE, DOVER","9,893,539","4,488","2,906,521","Public","Commercial","Microstomus pacificus","172887","PACFINHIST"
"1994","OREGON","SABLEFISH","9,012,366","4,088","7,756,455","Public","Commercial","Anoplopoma fimbria","167123","PACFINHIST"
"1994","OREGON","SOLE, DOVER","8,019,951","3,638","2,535,065","Public","Commercial","Microstomus pacificus","172887","PACFINHIST"
"1994","WASHINGTON","SABLEFISH","3,967,662","1,800","4,972,510","Public","Commercial","Anoplopoma fimbria","167123","PACFINHIST"
"1994","WASHINGTON","SOLE, DOVER","2,113,820","959","652,963","Public","Commercial","Microstomus pacificus","172887","PACFINHIST"
"1994","WASHINGTON","THORNYHEAD, SHORTSPINE","1,218,830","553","910,273","Public","Commercial","Sebastolobus alascanus","166783","PACFINHIST"
"1993","CALIFORNIA","SABLEFISH","5,727,785","2,598","2,477,449","Public","Commercial","Anoplopoma fimbria","167123","PACFINHIST"
"1993","CALIFORNIA","SOLE, DOVER","14,433,715","6,547","3,929,044","Public","Commercial","Microstomus pacificus","172887","PACFINHIST"
"1993","OREGON","SABLEFISH","8,605,821","3,904","4,752,416","Public","Commercial","Anoplopoma fimbria","167123","PACFINHIST"
"1993","OREGON","SOLE, DOVER","13,192,745","5,984","3,879,754","Public","Commercial","Microstomus pacificus","172887","PACFINHIST"
"1993","WASHINGTON","SABLEFISH","4,486,247","2,035","4,058,227","Public","Commercial","Anoplopoma fimbria","167123","PACFINHIST"
"1993","WASHINGTON","SOLE, DOVER","2,774,663","1,259","821,590","Public","Commercial","Microstomus pacificus","172887","PACFINHIST"
"1993","WASHINGTON","THORNYHEAD, SHORTSPINE","1,022,570","464","481,816","Public","Commercial","Sebastolobus alascanus","166783","PACFINHIST"
"1992","CALIFORNIA","SABLEFISH","8,190,570","3,715","4,426,018","Public","Commercial","Anoplopoma fimbria","167123","PACFINHIST"
"1992","CALIFORNIA","SOLE, DOVER","19,054,146","8,643","5,402,180","Public","Commercial","Microstomus pacificus","172887","PACFINHIST"
"1992","OREGON","SABLEFISH","8,658,428","3,927","5,712,229","Public","Commercial","Anoplopoma fimbria","167123","PACFINHIST"
"1992","OREGON","SOLE, DOVER","12,429,726","5,638","3,739,344","Public","Commercial","Microstomus pacificus","172887","PACFINHIST"
"1992","WASHINGTON","SABLEFISH","4,604,448","2,089","4,718,905","Public","Commercial","Anoplopoma fimbria","167123","PACFINHIST"
"1992","WASHINGTON","SOLE, DOVER","2,789,981","1,266","815,549","Public","Commercial","Microstomus pacificus","172887","PACFINHIST"
"1992","WASHINGTON","THORNYHEAD, SHORTSPINE","682,809","310","340,809","Public","Commercial","Sebastolobus alascanus","166783","PACFINHIST"
"1991","CALIFORNIA","SABLEFISH","7,403,634","3,358","3,700,785","Public","Commercial","Anoplopoma fimbria","167123","PACFINHIST"
"1991","CALIFORNIA","SOLE, DOVER","17,021,227","7,721","5,052,762","Public","Commercial","Microstomus pacificus","172887","PACFINHIST"
"1991","OREGON","SABLEFISH","8,667,950","3,932","5,223,604","Public","Commercial","Anoplopoma fimbria","167123","PACFINHIST"
"1991","OREGON","SOLE, DOVER","19,428,977","8,813","5,974,097","Public","Commercial","Microstomus pacificus","172887","PACFINHIST"
"1991","WASHINGTON","SABLEFISH","5,506,650","2,498","6,607,611","Public","Commercial","Anoplopoma fimbria","167123","PACFINHIST"
"1991","WASHINGTON","SOLE, DOVER","3,607,687","1,636","1,068,989","Public","Commercial","Microstomus pacificus","172887","PACFINHIST"
"1991","WASHINGTON","THORNYHEAD, SHORTSPINE","409,021","186","208,045","Public","Commercial","Sebastolobus alascanus","166783","PACFINHIST"
"1990","CALIFORNIA","SABLEFISH","8,268,711","3,751","3,562,641","Public","Commercial","Anoplopoma fimbria","167123","PACFINHIST"
"1990","CALIFORNIA","SOLE, DOVER","13,933,132","6,320","3,634,003","Public","Commercial","Microstomus pacificus","172887","PACFINHIST"
"1990","OREGON","SABLEFISH","8,230,976","3,734","3,599,588","Public","Commercial","Anoplopoma fimbria","167123","PACFINHIST"
"1990","OREGON","SOLE, DOVER","16,553,757","7,509","4,531,427","Public","Commercial","Microstomus pacificus","172887","PACFINHIST"
"1990","WASHINGTON","SABLEFISH","4,269,888","1,937","3,187,984","Public","Commercial","Anoplopoma fimbria","167123","PACFINHIST"
"1990","WASHINGTON","SOLE, DOVER","4,023,625","1,825","1,084,992","Public","Commercial","Microstomus pacificus","172887","PACFINHIST"
"1990","WASHINGTON","THORNYHEAD, SHORTSPINE","446,125","202","183,031","Public","Commercial","Sebastolobus alascanus","166783","PACFINHIST"
"1989","CALIFORNIA","SABLEFISH","8,983,501","4,075","3,442,166","Public","Commercial","Anoplopoma fimbria","167123","PACFINHIST"
"1989","CALIFORNIA","SOLE, DOVER","17,027,315","7,724","4,616,296","Public","Commercial","Microstomus pacificus","172887","PACFINHIST"
"1989","OREGON","SABLEFISH","8,704,849","3,948","3,848,909","Public","Commercial","Anoplopoma fimbria","167123","PACFINHIST"
"1989","OREGON","SOLE, DOVER","19,638,358","8,908","5,472,414","Public","Commercial","Microstomus pacificus","172887","PACFINHIST"
"1989","WASHINGTON","SABLEFISH","5,651,329","2,563","3,610,854","Public","Commercial","Anoplopoma fimbria","167123","PACFINHIST"
"1989","WASHINGTON","SOLE, DOVER","4,764,328","2,161","1,314,656","Public","Commercial","Microstomus pacificus","172887","PACFINHIST"
"1989","WASHINGTON","THORNYHEAD, SHORTSPINE","342,044","155","127,170","Public","Commercial","Sebastolobus alascanus","166783","PACFINHIST"
"1988","CALIFORNIA","SABLEFISH","8,500,782","3,856","3,424,685","Public","Commercial","Anoplopoma fimbria","167123","PACFINHIST"
"1988","CALIFORNIA","SOLE, DOVER","18,071,082","8,197","5,438,900","Public","Commercial","Microstomus pacificus","172887","PACFINHIST"
"1988","OREGON","SABLEFISH","8,999,799","4,082","4,463,739","Public","Commercial","Anoplopoma fimbria","167123","PACFINHIST"
"1988","OREGON","SOLE, DOVER","16,925,202","7,677","5,216,494","Public","Commercial","Microstomus pacificus","172887","PACFINHIST"
"1988","WASHINGTON","SABLEFISH","7,180,157","3,257","5,408,936","Public","Commercial","Anoplopoma fimbria","167123","PACFINHIST"
"1988","WASHINGTON","SOLE, DOVER","4,958,754","2,249","1,497,356","Public","Commercial","Microstomus pacificus","172887","PACFINHIST"
"1988","WASHINGTON","THORNYHEAD, SHORTSPINE","227,733","103","79,036","Public","Commercial","Sebastolobus alascanus","166783","PACFINHIST"
"1987","CALIFORNIA","SABLEFISH","9,710,030","4,404","3,794,696","Public","Commercial","Anoplopoma fimbria","167123","PACFINHIST"
"1987","CALIFORNIA","SOLE, DOVER","23,723,648","10,761","7,124,218","Public","Commercial","Microstomus pacificus","172887","PACFINHIST"
"1987","OREGON","SABLEFISH","11,551,666","5,240","5,099,023","Public","Commercial","Anoplopoma fimbria","167123","PACFINHIST"
"1987","OREGON","SOLE, DOVER","13,353,184","6,057","4,183,579","Public","Commercial","Microstomus pacificus","172887","PACFINHIST"
"1987","WASHINGTON","SABLEFISH","7,353,381","3,335","4,990,163","Public","Commercial","Anoplopoma fimbria","167123","PACFINHIST"
"1987","WASHINGTON","SOLE, DOVER","3,616,964","1,641","1,102,846","Public","Commercial","Microstomus pacificus","172887","PACFINHIST"
"1986","CALIFORNIA","SABLEFISH","13,713,290","6,220","4,674,117","Public","Commercial","Anoplopoma fimbria","167123","PACFINHIST"
"1986","CALIFORNIA","SOLE, DOVER","24,365,419","11,052","6,197,778","Public","Commercial","Microstomus pacificus","172887","PACFINHIST"
"1986","OREGON","SABLEFISH","10,261,789","4,655","3,631,271","Public","Commercial","Anoplopoma fimbria","167123","PACFINHIST"
"1986","OREGON","SOLE, DOVER","10,623,952","4,819","2,826,918","Public","Commercial","Microstomus pacificus","172887","PACFINHIST"
"1986","WASHINGTON","SABLEFISH","6,044,754","2,742","3,231,067","Public","Commercial","Anoplopoma fimbria","167123","PACFINHIST"
"1986","WASHINGTON","SOLE, DOVER","3,346,904","1,518","858,550","Public","Commercial","Microstomus pacificus","172887","PACFINHIST"
"1985","CALIFORNIA","SABLEFISH","11,400,751","5,171","2,973,976","Public","Commercial","Anoplopoma fimbria","167123","PACFINHIST"
"1985","CALIFORNIA","SOLE, DOVER","26,499,127","12,020","6,181,249","Public","Commercial","Microstomus pacificus","172887","PACFINHIST"
"1985","OREGON","SABLEFISH","11,624,340","5,273","3,452,029","Public","Commercial","Anoplopoma fimbria","167123","PACFINHIST"
"1985","OREGON","SOLE, DOVER","12,585,062","5,709","3,160,269","Public","Commercial","Microstomus pacificus","172887","PACFINHIST"
"1985","WASHINGTON","SABLEFISH","8,852,595","4,016","4,425,147","Public","Commercial","Anoplopoma fimbria","167123","PACFINHIST"
"1985","WASHINGTON","SOLE, DOVER","6,205,004","2,815","1,501,482","Public","Commercial","Microstomus pacificus","172887","PACFINHIST"
"1984","CALIFORNIA","SABLEFISH","10,640,419","4,826","2,197,129","Public","Commercial","Anoplopoma fimbria","167123","PACFINHIST"
"1984","CALIFORNIA","SOLE, DOVER","21,563,452","9,781","4,950,712","Public","Commercial","Microstomus pacificus","172887","PACFINHIST"
"1984","OREGON","SABLEFISH","10,666,021","4,838","2,048,488","Public","Commercial","Anoplopoma fimbria","167123","PACFINHIST"
"1984","OREGON","SOLE, DOVER","13,472,729","6,111","3,194,805","Public","Commercial","Microstomus pacificus","172887","PACFINHIST"
"1984","WASHINGTON","SABLEFISH","10,467,636","4,748","2,590,051","Public","Commercial","Anoplopoma fimbria","167123","PACFINHIST"
"1984","WASHINGTON","SOLE, DOVER","7,317,692","3,319","1,629,496","Public","Commercial","Microstomus pacificus","172887","PACFINHIST"
"1983","CALIFORNIA","SABLEFISH","14,759,475","6,695","3,481,874","Public","Commercial","Anoplopoma fimbria","167123","PACFINHIST"
"1983","CALIFORNIA","SOLE, DOVER","18,913,890","8,579","4,163,269","Public","Commercial","Microstomus pacificus","172887","PACFINHIST"
"1983","OREGON","SABLEFISH","10,234,765","4,642","2,263,521","Public","Commercial","Anoplopoma fimbria","167123","PACFINHIST"
"1983","OREGON","SOLE, DOVER","18,698,513","8,482","4,233,757","Public","Commercial","Microstomus pacificus","172887","PACFINHIST"
"1983","WASHINGTON","SABLEFISH","7,810,681","3,543","2,066,036","Public","Commercial","Anoplopoma fimbria","167123","PACFINHIST"
"1983","WASHINGTON","SOLE, DOVER","6,584,181","2,987","1,494,092","Public","Commercial","Microstomus pacificus","172887","PACFINHIST"
"1982","CALIFORNIA","SABLEFISH","21,287,738","9,656","5,545,017","Public","Commercial","Anoplopoma fimbria","167123","PACFINHIST"
"1982","CALIFORNIA","SOLE, DOVER","22,164,989","10,054","5,120,708","Public","Commercial","Microstomus pacificus","172887","PACFINHIST"
"1982","OREGON","SABLEFISH","11,220,811","5,090","2,539,929","Public","Commercial","Anoplopoma fimbria","167123","PACFINHIST"
"1982","OREGON","SOLE, DOVER","17,951,407","8,143","4,197,648","Public","Commercial","Microstomus pacificus","172887","PACFINHIST"
"1982","WASHINGTON","SABLEFISH","9,143,191","4,147","2,595,769","Public","Commercial","Anoplopoma fimbria","167123","PACFINHIST"
"1982","WASHINGTON","SOLE, DOVER","6,057,260","2,748","1,354,728","Public","Commercial","Microstomus pacificus","172887","PACFINHIST"
"1981","CALIFORNIA","SABLEFISH","14,811,535","6,718","2,761,421","Public","Commercial","Anoplopoma fimbria","167123","PACFINHIST"
"1981","CALIFORNIA","SOLE, DOVER","20,418,283","9,262","4,500,305","Public","Commercial","Microstomus pacificus","172887","PACFINHIST"
"1981","OREGON","SABLEFISH","5,166,331","2,343","1,065,985","Public","Commercial","Anoplopoma fimbria","167123","PACFINHIST"
"1981","OREGON","SOLE, DOVER","11,672,991","5,295","2,568,934","Public","Commercial","Microstomus pacificus","172887","PACFINHIST"
"1981","WASHINGTON","SABLEFISH","5,609,719","2,545","1,631,553","Public","Commercial","Anoplopoma fimbria","167123","PACFINHIST"
"1981","WASHINGTON","SOLE, DOVER","4,331,437","1,965","895,590","Public","Commercial","Microstomus pacificus","172887","PACFINHIST"
"1980","CALIFORNIA","SABLEFISH","10,282,583","4,664","1,773,544","Public","Commercial","Anoplopoma fimbria","167123","PACFINHIST"
"1980","CALIFORNIA","SOLE, DOVER","18,045,180","8,185","3,657,333","Public","Commercial","Microstomus pacificus","172887","PACFINHIST"
"1980","OREGON","SABLEFISH","6,025,834","2,733","1,134,081","Public","Commercial","Anoplopoma fimbria","167123","PACFINHIST"
"1980","OREGON","SOLE, DOVER","9,080,509","4,119","1,831,351","Public","Commercial","Microstomus pacificus","172887","PACFINHIST"
"1980","WASHINGTON","SABLEFISH","3,137,921","1,423","731,027","Public","Commercial","Anoplopoma fimbria","167123","PACFINHIST"
"1980","WASHINGTON","SOLE, DOVER","4,444,321","2,016","896,864","Public","Commercial","Microstomus pacificus","172887","PACFINHIST"
"1979","CALIFORNIA","SABLEFISH","28,573,529","12,961","6,697,593","Public","Commercial","Anoplopoma fimbria","167123","PACFINHIST"
"1979","CALIFORNIA","SOLE, DOVER","23,394,118","10,612","4,944,778","Public","Commercial","Microstomus pacificus","172887","PACFINHIST"
"1979","OREGON","SABLEFISH","17,024,760","7,722","6,661,507","Public","Commercial","Anoplopoma fimbria","167123","PACFINHIST"
"1979","OREGON","SOLE, DOVER","11,226,910","5,092","2,416,458","Public","Commercial","Microstomus pacificus","172887","PACFINHIST"
"1979","WASHINGTON","SABLEFISH","6,330,481","2,871","3,136,999","Public","Commercial","Anoplopoma fimbria","167123","PACFINHIST"
"1979","WASHINGTON","SOLE, DOVER","4,763,898","2,161","958,674","Public","Commercial","Microstomus pacificus","172887","PACFINHIST"
"1978","CALIFORNIA","SABLEFISH","17,715,700","8,036","3,267,096","Public","Commercial","Anoplopoma fimbria","167123","PACFINHIST"
"1978","CALIFORNIA","SOLE, DOVER","20,770,100","9,421","3,788,677","Public","Commercial","Microstomus pacificus","172887","PACFINHIST"
"1978","OREGON","SABLEFISH","3,816,029","1,731","1,165,826","Public","Commercial","Anoplopoma fimbria","167123","PACFINHIST"
"1978","OREGON","SOLE, DOVER","7,546,417","3,423","1,524,870","Public","Commercial","Microstomus pacificus","172887","PACFINHIST"
"1978","WASHINGTON","SABLEFISH","4,042,601","1,834","1,579,546","Public","Commercial","Anoplopoma fimbria","167123","PACFINHIST"
"1978","WASHINGTON","SOLE, DOVER","3,187,853","1,446","575,504","Public","Commercial","Microstomus pacificus","172887","PACFINHIST"
"1977","CALIFORNIA","SABLEFISH","13,316,100","6,040","1,843,838","Public","Commercial","Anoplopoma fimbria","167123","PACFINHIST"
"1977","CALIFORNIA","SOLE, DOVER","21,923,900","9,945","3,477,983","Public","Commercial","Microstomus pacificus","172887","PACFINHIST"
"1977","OREGON","SABLEFISH","882,400","400","213,373","Public","Commercial","Anoplopoma fimbria","167123","PACFINHIST"
"1977","OREGON","SOLE, DOVER","4,075,300","1,849","733,554","Public","Commercial","Microstomus pacificus","172887","PACFINHIST"
"1977","WASHINGTON","SABLEFISH","2,522,800","1,144","890,343","Public","Commercial","Anoplopoma fimbria","167123","PACFINHIST"
"1977","WASHINGTON","SOLE, DOVER","2,324,100","1,054","412,047","Public","Commercial","Microstomus pacificus","172887","PACFINHIST"
"1976","CALIFORNIA","SABLEFISH","13,331,200","6,047","1,259,026","Public","Commercial","Anoplopoma fimbria","167123","PACFINHIST"
"1976","CALIFORNIA","SOLE, DOVER","22,756,800","10,322","3,068,179","Public","Commercial","Microstomus pacificus","172887","PACFINHIST"
"1976","OREGON","SABLEFISH","1,086,800","493","119,878","Public","Commercial","Anoplopoma fimbria","167123","PACFINHIST"
"1976","OREGON","SOLE, DOVER","5,018,100","2,276","687,161","Public","Commercial","Microstomus pacificus","172887","PACFINHIST"
"1976","WASHINGTON","SABLEFISH","1,410,200","640","245,933","Public","Commercial","Anoplopoma fimbria","167123","PACFINHIST"
"1976","WASHINGTON","SOLE, DOVER","2,819,900","1,279","358,433","Public","Commercial","Microstomus pacificus","172887","PACFINHIST"
"1975","CALIFORNIA","SABLEFISH","14,132,000","6,410","1,399,496","Public","Commercial","Anoplopoma fimbria","167123","PACFINHIST"
"1975","CALIFORNIA","SOLE, DOVER","22,688,600","10,291","2,506,970","Public","Commercial","Microstomus pacificus","172887","PACFINHIST"
"1975","OREGON","SABLEFISH","732,600","332","117,005","Public","Commercial","Anoplopoma fimbria","167123","PACFINHIST"
"1975","OREGON","SOLE, DOVER","4,886,900","2,217","537,595","Public","Commercial","Microstomus pacificus","172887","PACFINHIST"
"1975","WASHINGTON","SABLEFISH","2,013,500","913","312,745","Public","Commercial","Anoplopoma fimbria","167123","PACFINHIST"
"1975","WASHINGTON","SOLE, DOVER","1,231,600","559","148,784","Public","Commercial","Microstomus pacificus","172887","PACFINHIST"
"1974","CALIFORNIA","SABLEFISH","11,982,700","5,435","1,198,336","Public","Commercial","Anoplopoma fimbria","167123","PACFINHIST"
"1974","CALIFORNIA","SOLE, DOVER","19,087,500","8,658","2,198,243","Public","Commercial","Microstomus pacificus","172887","PACFINHIST"
"1974","OREGON","SABLEFISH","638,700","290","94,449","Public","Commercial","Anoplopoma fimbria","167123","PACFINHIST"
"1974","OREGON","SOLE, DOVER","5,863,300","2,660","774,031","Public","Commercial","Microstomus pacificus","172887","PACFINHIST"
"1974","WASHINGTON","SABLEFISH","1,293,300","587","285,429","Public","Commercial","Anoplopoma fimbria","167123","PACFINHIST"
"1974","WASHINGTON","SOLE, DOVER","1,317,400","598","153,210","Public","Commercial","Microstomus pacificus","172887","PACFINHIST"
"1973","CALIFORNIA","SABLEFISH","8,550,100","3,878","660,570","Public","Commercial","Anoplopoma fimbria","167123","PACFINHIST"
"1973","CALIFORNIA","SOLE, DOVER","22,485,700","10,199","2,276,304","Public","Commercial","Microstomus pacificus","172887","PACFINHIST"
"1973","OREGON","SABLEFISH","1,326,600","602","155,075","Public","Commercial","Anoplopoma fimbria","167123","PACFINHIST"
"1973","OREGON","SOLE, DOVER","4,696,900","2,130","470,426","Public","Commercial","Microstomus pacificus","172887","PACFINHIST"
"1973","WASHINGTON","SABLEFISH","578,100","262","111,024","Public","Commercial","Anoplopoma fimbria","167123","PACFINHIST"
"1973","WASHINGTON","SOLE, DOVER","1,254,100","569","124,886","Public","Commercial","Microstomus pacificus","172887","PACFINHIST"
"1972","CALIFORNIA","SABLEFISH","8,395,600","3,808","649,464","Public","Commercial","Anoplopoma fimbria","167123","PACFINHIST"
"1972","CALIFORNIA","SOLE, DOVER","22,081,700","10,016","1,807,688","Public","Commercial","Microstomus pacificus","172887","PACFINHIST"
"1972","OREGON","SABLEFISH","471,000","214","45,241","Public","Commercial","Anoplopoma fimbria","167123","PACFINHIST"
"1972","WASHINGTON","SABLEFISH","270,100","123","71,107","Public","Commercial","Anoplopoma fimbria","167123","PACFINHIST"
"1971","CALIFORNIA","SABLEFISH","4,423,900","2,007","290,079","Public","Commercial","Anoplopoma fimbria","167123","PACFINHIST"
"1971","CALIFORNIA","SOLE, DOVER","14,248,700","6,463","1,178,176","Public","Commercial","Microstomus pacificus","172887","PACFINHIST"
"1971","OREGON","SABLEFISH","433,900","197","35,933","Public","Commercial","Anoplopoma fimbria","167123","PACFINHIST"
"1971","WASHINGTON","SABLEFISH","461,800","209","68,555","Public","Commercial","Anoplopoma fimbria","167123","PACFINHIST"
"1970","CALIFORNIA","SABLEFISH","4,428,100","2,009","319,250","Public","Commercial","Anoplopoma fimbria","167123","PACFINHIST"
"1970","CALIFORNIA","SOLE, DOVER","15,160,900","6,877","1,232,997","Public","Commercial","Microstomus pacificus","172887","PACFINHIST"
"1970","OREGON","SABLEFISH","274,100","124","23,295","Public","Commercial","Anoplopoma fimbria","167123","PACFINHIST"
"1970","WASHINGTON","SABLEFISH","958,200","435","115,359","Public","Commercial","Anoplopoma fimbria","167123","PACFINHIST"
"1969","CALIFORNIA","SABLEFISH","4,156,800","1,886","310,048","Public","Commercial","Anoplopoma fimbria","167123","PACFINHIST"
"1969","CALIFORNIA","SOLE, DOVER","12,919,000","5,860","925,185","Public","Commercial","Microstomus pacificus","172887","PACFINHIST"
"1969","OREGON","SABLEFISH","813,300","369","88,695","Public","Commercial","Anoplopoma fimbria","167123","PACFINHIST"
"1969","WASHINGTON","SABLEFISH","453,900","206","57,307","Public","Commercial","Anoplopoma fimbria","167123","PACFINHIST"
"1968","CALIFORNIA","SABLEFISH","3,219,500","1,460","229,325","Public","Commercial","Anoplopoma fimbria","167123","PACFINHIST"
"1968","CALIFORNIA","SOLE, DOVER","8,535,500","3,872","577,514","Public","Commercial","Microstomus pacificus","172887","PACFINHIST"
"1968","OREGON","SABLEFISH","627,300","285","68,154","Public","Commercial","Anoplopoma fimbria","167123","PACFINHIST"
"1968","WASHINGTON","SABLEFISH","375,800","170","38,167","Public","Commercial","Anoplopoma fimbria","167123","PACFINHIST"
"1967","CALIFORNIA","SABLEFISH","3,798,500","1,723","314,983","Public","Commercial","Anoplopoma fimbria","167123","PACFINHIST"
"1967","CALIFORNIA","SOLE, DOVER","7,215,000","3,273","466,234","Public","Commercial","Microstomus pacificus","172887","PACFINHIST"
"1967","OREGON","SABLEFISH","647,400","294","64,644","Public","Commercial","Anoplopoma fimbria","167123","PACFINHIST"
"1967","WASHINGTON","SABLEFISH","541,000","245","60,070","Public","Commercial","Anoplopoma fimbria","167123","PACFINHIST"
"1966","CALIFORNIA","SABLEFISH","3,215,900","1,459","230,625","Public","Commercial","Anoplopoma fimbria","167123","PACFINHIST"
"1966","CALIFORNIA","SOLE, DOVER","10,311,600","4,677","686,595","Public","Commercial","Microstomus pacificus","172887","PACFINHIST"
"1966","OREGON","SABLEFISH","384,900","175","39,044","Public","Commercial","Anoplopoma fimbria","167123","PACFINHIST"
"1966","WASHINGTON","SABLEFISH","1,018,800","462","125,762","Public","Commercial","Anoplopoma fimbria","167123","PACFINHIST"
"1965","CALIFORNIA","SABLEFISH","2,863,600","1,299","200,712","Public","Commercial","Anoplopoma fimbria","167123","PACFINHIST"
"1965","CALIFORNIA","SOLE, DOVER","10,760,000","4,881","653,868","Public","Commercial","Microstomus pacificus","172887","PACFINHIST"
"1965","OREGON","SABLEFISH","365,900","166","34,357","Public","Commercial","Anoplopoma fimbria","167123","PACFINHIST"
"1965","WASHINGTON","SABLEFISH","1,742,200","790","255,357","Public","Commercial","Anoplopoma fimbria","167123","PACFINHIST"
"1964","CALIFORNIA","SABLEFISH","2,463,400","1,117","162,703","Public","Commercial","Anoplopoma fimbria","167123","PACFINHIST"
"1964","CALIFORNIA","SOLE, DOVER","9,265,200","4,203","560,490","Public","Commercial","Microstomus pacificus","172887","PACFINHIST"
"1964","OREGON","SABLEFISH","407,800","185","40,305","Public","Commercial","Anoplopoma fimbria","167123","PACFINHIST"
"1964","WASHINGTON","SABLEFISH","2,609,800","1,184","383,633","Public","Commercial","Anoplopoma fimbria","167123","PACFINHIST"
"1963","CALIFORNIA","SABLEFISH","1,809,300","821","98,340","Public","Commercial","Anoplopoma fimbria","167123","PACFINHIST"
"1963","CALIFORNIA","SOLE, DOVER","9,781,700","4,437","599,105","Public","Commercial","Microstomus pacificus","172887","PACFINHIST"
"1963","OREGON","SABLEFISH","551,400","250","52,514","Public","Commercial","Anoplopoma fimbria","167123","PACFINHIST"
"1963","WASHINGTON","SABLEFISH","2,744,100","1,245","376,839","Public","Commercial","Anoplopoma fimbria","167123","PACFINHIST"
"1962","CALIFORNIA","SABLEFISH","2,015,300","914","111,692","Public","Commercial","Anoplopoma fimbria","167123","PACFINHIST"
"1962","CALIFORNIA","SOLE, DOVER","8,581,200","3,892","516,806","Public","Commercial","Microstomus pacificus","172887","PACFINHIST"
"1962","OREGON","SABLEFISH","386,600","175","34,525","Public","Commercial","Anoplopoma fimbria","167123","PACFINHIST"
"1962","WASHINGTON","SABLEFISH","4,947,800","2,244","523,272","Public","Commercial","Anoplopoma fimbria","167123","PACFINHIST"
"1961","CALIFORNIA","SABLEFISH","1,618,000","734","85,798","Public","Commercial","Anoplopoma fimbria","167123","PACFINHIST"
"1961","CALIFORNIA","SOLE, DOVER","7,826,600","3,550","456,337","Public","Commercial","Microstomus pacificus","172887","PACFINHIST"
"1961","OREGON","SABLEFISH","567,800","258","50,347","Public","Commercial","Anoplopoma fimbria","167123","PACFINHIST"
"1961","WASHINGTON","SABLEFISH","3,180,900","1,443","397,143","Public","Commercial","Anoplopoma fimbria","167123","PACFINHIST"
"1960","CALIFORNIA","SABLEFISH","2,418,900","1,097","121,049","Public","Commercial","Anoplopoma fimbria","167123","PACFINHIST"
"1960","CALIFORNIA","SOLE, DOVER","9,184,800","4,166","520,903","Public","Commercial","Microstomus pacificus","172887","PACFINHIST"
"1960","OREGON","SABLEFISH","448,800","204","42,974","Public","Commercial","Anoplopoma fimbria","167123","PACFINHIST"
"1960","WASHINGTON","SABLEFISH","5,485,900","2,488","631,658","Public","Commercial","Anoplopoma fimbria","167123","PACFINHIST"
"1959","CALIFORNIA","SABLEFISH","1,938,500","879","99,063","Public","Commercial","Anoplopoma fimbria","167123","PACFINHIST"
"1959","CALIFORNIA","SOLE, DOVER","7,327,400","3,324","394,078","Public","Commercial","Microstomus pacificus","172887","PACFINHIST"
"1959","OREGON","SABLEFISH","286,600","130","29,474","Public","Commercial","Anoplopoma fimbria","167123","PACFINHIST"
"1959","WASHINGTON","SABLEFISH","4,258,200","1,932","452,115","Public","Commercial","Anoplopoma fimbria","167123","PACFINHIST"
"1958","CALIFORNIA","SABLEFISH","1,733,000","786","97,072","Public","Commercial","Anoplopoma fimbria","167123","PACFINHIST"
"1958","CALIFORNIA","SOLE, DOVER","8,053,000","3,653","420,698","Public","Commercial","Microstomus pacificus","172887","PACFINHIST"
"1958","OREGON","SABLEFISH","251,000","114","14,623","Public","Commercial","Anoplopoma fimbria","167123","PACFINHIST"
"1958","WASHINGTON","SABLEFISH","2,177,300","988","202,956","Public","Commercial","Anoplopoma fimbria","167123","PACFINHIST"
"1957","CALIFORNIA","SABLEFISH","2,182,400","990","144,749","Public","Commercial","Anoplopoma fimbria","167123","PACFINHIST"
"1957","CALIFORNIA","SOLE, DOVER","7,912,100","3,589","388,361","Public","Commercial","Microstomus pacificus","172887","PACFINHIST"
"1957","OREGON","SABLEFISH","642,800","292","49,142","Public","Commercial","Anoplopoma fimbria","167123","PACFINHIST"
"1957","WASHINGTON","SABLEFISH","4,546,100","2,062","441,929","Public","Commercial","Anoplopoma fimbria","167123","PACFINHIST"
"1956","CALIFORNIA","SABLEFISH","2,868,400","1,301","142,482","Public","Commercial","Anoplopoma fimbria","167123","PACFINHIST"
"1956","CALIFORNIA","SOLE, DOVER","8,268,400","3,751","391,299","Public","Commercial","Microstomus pacificus","172887","PACFINHIST"
"1956","OREGON","SABLEFISH","578,800","263","45,529","Public","Commercial","Anoplopoma fimbria","167123","PACFINHIST"
"1956","WASHINGTON","SABLEFISH","6,405,300","2,905","558,449","Public","Commercial","Anoplopoma fimbria","167123","PACFINHIST"
"1955","CALIFORNIA","SABLEFISH","2,065,700","937","130,127","Public","Commercial","Anoplopoma fimbria","167123","PACFINHIST"
"1955","CALIFORNIA","SOLE, DOVER","8,185,400","3,713","395,452","Public","Commercial","Microstomus pacificus","172887","PACFINHIST"
"1955","OREGON","SABLEFISH","302,100","137","24,708","Public","Commercial","Anoplopoma fimbria","167123","PACFINHIST"
"1955","WASHINGTON","SABLEFISH","4,208,700","1,909","403,762","Public","Commercial","Anoplopoma fimbria","167123","PACFINHIST"
"1954","CALIFORNIA","SABLEFISH","2,357,500","1,069","172,829","Public","Commercial","Anoplopoma fimbria","167123","PACFINHIST"
"1954","OREGON","SABLEFISH","569,800","258","41,914","Public","Commercial","Anoplopoma fimbria","167123","PACFINHIST"
"1954","WASHINGTON","SABLEFISH","3,804,000","1,725","395,225","Public","Commercial","Anoplopoma fimbria","167123","PACFINHIST"
"1953","CALIFORNIA","SABLEFISH","1,656,900","752","110,271","Public","Commercial","Anoplopoma fimbria","167123","PACFINHIST"
"1953","OREGON","SABLEFISH","290,900","132","21,240","Public","Commercial","Anoplopoma fimbria","167123","PACFINHIST"
"1953","WASHINGTON","SABLEFISH","3,226,400","1,463","330,483","Public","Commercial","Anoplopoma fimbria","167123","PACFINHIST"
"1952","CALIFORNIA","SABLEFISH","1,343,900","610","90,778","Public","Commercial","Anoplopoma fimbria","167123","PACFINHIST"
"1952","OREGON","SABLEFISH","313,800","142","30,395","Public","Commercial","Anoplopoma fimbria","167123","PACFINHIST"
"1952","WASHINGTON","SABLEFISH","3,182,000","1,443","326,592","Public","Commercial","Anoplopoma fimbria","167123","PACFINHIST"
"1951","CALIFORNIA","SABLEFISH","2,585,100","1,173","199,360","Public","Commercial","Anoplopoma fimbria","167123","PACFINHIST"
"1951","OREGON","SABLEFISH","714,000","324","49,512","Public","Commercial","Anoplopoma fimbria","167123","PACFINHIST"
"1951","WASHINGTON","SABLEFISH","4,904,000","2,224","454,374","Public","Commercial","Anoplopoma fimbria","167123","PACFINHIST"
"1950","CALIFORNIA","SABLEFISH","1,584,000","718","90,460","Public","Commercial","Anoplopoma fimbria","167123","PACFINHIST"
"1950","OREGON","SABLEFISH","446,600","203","31,383","Public","Commercial","Anoplopoma fimbria","167123","PACFINHIST"
"1950","WASHINGTON","SABLEFISH","3,063,200","1,389","324,764","Public","Commercial","Anoplopoma fimbria","167123","PACFINHIST"
